h,eL2,eH1
0.1,2.4347,6.18806
0.05,2.4347,6.18869
0.025,2.4347,6.18885
0.0125,2.4347,6.18889
