h,eL2,eH1
0.2,0.0269552,0.103634
0.1,0.0249481,0.0957803
0.05,0.0248146,0.0954761
0.025,0.0247781,0.0954316
