h,eL2,eH1
0.25,0.147405,1.93944
0.125,0.0384322,0.997765
0.0625,0.00971776,0.502458
0.03125,0.00243974,0.251678
