h,eL2,eH1
0.2,0.00285413,0.101268
0.1,0.000920416,0.059543
0.05,0.000213886,0.0287381
0.025,5.30294e-05,0.0142518
