delta_t,eL2
0.05,0.000489729
0.025,9.94992e-05
0.0125,1.11348e-05
0.00625,2.46083e-05
